{"cameraMode":{"drawMode":0,"name":"Shaded","section":"Shading Mode"},"sceneLighting":false,"audioPlay":false,"sceneViewState":{"showFog":true,"showMaterialUpdate":false,"showSkybox":false,"showFlares":true,"showImageEffects":true,"showParticleSystems":true},"in2DMode":false,"pivot":{"x":26.260000228881837,"y":0.0,"z":6.590000152587891},"rotation":{"x":0.18522106111049653,"y":0.012095985002815724,"z":-0.0022859228774905206,"w":0.9826197624206543},"size":0.14056847989559174,"orthographic":false}